<information>
	<employee id='1'>
		<name>John Doe</name>
		<address>
			<house>H# 38</house>
			<road>R#3</road>
			<area>Banani</area>
			<division>Dhaka</division>
		</address>
		<department>Sales</separtment>w
		<salary>$20000</salary>

	</employee>

	<employee id='2'>
		<name>Mark Zukerbeerg</name>
		<address>
			<flat>Flat#A/1</flat>
			<house>H# 20</house>
			<road>R#18</road>
			<area>Mirpur</area>
			<division>Dhaka</division>
		</address>
		<department>Accounts</separtment>w
		<salary>$12000</salary>

	</employee>

	<employee id='3'>
		<name>Ala Voski</name>
		<address>
			<house>H#38</house>
			<road>R#3</road>
			<area>Motijheel</area>	
		</address>
		<department>Human Resource</separtment>w
		<salary>$30000</salary>

	</employee>

</information>